user_id,name,email,created_at,country
1,User 1,user1@example.com,2024-08-02 00:00:00,Canada
2,User 2,user2@example.com,2021-02-21 00:00:00,France
3,User 3,user3@example.com,2022-05-17 00:00:00,Germany
4,User 4,user4@example.com,2021-10-13 00:00:00,Canada
5,User 5,user5@example.com,2024-10-17 00:00:00,Canada
6,User 6,user6@example.com,2024-04-24 00:00:00,India
7,User 7,user7@example.com,2021-03-07 00:00:00,USA
8,User 8,user8@example.com,2021-07-11 00:00:00,Germany
9,User 9,user9@example.com,2022-04-22 00:00:00,USA
10,User 10,user10@example.com,2024-02-24 00:00:00,Germany
11,User 11,user11@example.com,2024-08-23 00:00:00,India
12,User 12,user12@example.com,2022-03-28 00:00:00,Japan
13,User 13,user13@example.com,2024-04-21 00:00:00,France
14,User 14,user14@example.com,2021-01-14 00:00:00,UK
15,User 15,user15@example.com,2023-05-16 00:00:00,Australia
16,User 16,user16@example.com,2022-07-24 00:00:00,UK
17,User 17,user17@example.com,2022-03-17 00:00:00,Australia
18,User 18,user18@example.com,2021-07-29 00:00:00,Canada
19,User 19,user19@example.com,2023-02-18 00:00:00,Canada
20,User 20,user20@example.com,2023-01-06 00:00:00,Australia
21,User 21,user21@example.com,2024-05-21 00:00:00,France
22,User 22,user22@example.com,2021-03-30 00:00:00,Japan
23,User 23,user23@example.com,2024-01-04 00:00:00,Canada
24,User 24,user24@example.com,2023-02-15 00:00:00,Canada
25,User 25,user25@example.com,2024-02-05 00:00:00,France
26,User 26,user26@example.com,2024-07-11 00:00:00,Australia
27,User 27,user27@example.com,2024-03-28 00:00:00,Germany
28,User 28,user28@example.com,2021-05-23 00:00:00,USA
29,User 29,user29@example.com,2024-09-16 00:00:00,Germany
30,User 30,user30@example.com,2022-08-16 00:00:00,Canada
31,User 31,user31@example.com,2022-04-22 00:00:00,Canada
32,User 32,user32@example.com,2023-02-18 00:00:00,France
33,User 33,user33@example.com,2023-07-18 00:00:00,Australia
34,User 34,user34@example.com,2021-11-30 00:00:00,Australia
35,User 35,user35@example.com,2022-12-29 00:00:00,Germany
36,User 36,user36@example.com,2024-10-04 00:00:00,France
37,User 37,user37@example.com,2024-10-31 00:00:00,Canada
38,User 38,user38@example.com,2024-06-01 00:00:00,UK
39,User 39,user39@example.com,2023-12-30 00:00:00,Germany
40,User 40,user40@example.com,2021-12-01 00:00:00,Japan
41,User 41,user41@example.com,2023-02-17 00:00:00,France
42,User 42,user42@example.com,2024-08-03 00:00:00,Germany
43,User 43,user43@example.com,2022-10-27 00:00:00,USA
44,User 44,user44@example.com,2022-04-15 00:00:00,USA
45,User 45,user45@example.com,2022-10-09 00:00:00,India
46,User 46,user46@example.com,2022-07-03 00:00:00,Canada
47,User 47,user47@example.com,2022-03-09 00:00:00,Australia
48,User 48,user48@example.com,2022-03-12 00:00:00,Japan
49,User 49,user49@example.com,2023-03-22 00:00:00,Japan
50,User 50,user50@example.com,2021-10-20 00:00:00,France
51,User 51,user51@example.com,2021-10-13 00:00:00,Germany
52,User 52,user52@example.com,2024-02-24 00:00:00,France
53,User 53,user53@example.com,2024-04-12 00:00:00,India
54,User 54,user54@example.com,2024-04-10 00:00:00,India
55,User 55,user55@example.com,2023-01-12 00:00:00,Germany
56,User 56,user56@example.com,2021-10-11 00:00:00,Japan
57,User 57,user57@example.com,2021-07-06 00:00:00,USA
58,User 58,user58@example.com,2021-08-13 00:00:00,UK
59,User 59,user59@example.com,2024-07-09 00:00:00,UK
60,User 60,user60@example.com,2024-10-25 00:00:00,India
61,User 61,user61@example.com,2024-05-06 00:00:00,Canada
62,User 62,user62@example.com,2023-02-28 00:00:00,India
63,User 63,user63@example.com,2024-05-05 00:00:00,Japan
64,User 64,user64@example.com,2023-12-20 00:00:00,France
65,User 65,user65@example.com,2024-02-08 00:00:00,USA
66,User 66,user66@example.com,2024-10-25 00:00:00,Canada
67,User 67,user67@example.com,2024-10-28 00:00:00,France
68,User 68,user68@example.com,2024-08-05 00:00:00,Australia
69,User 69,user69@example.com,2021-08-17 00:00:00,France
70,User 70,user70@example.com,2023-06-10 00:00:00,UK
71,User 71,user71@example.com,2023-07-19 00:00:00,USA
72,User 72,user72@example.com,2022-06-24 00:00:00,UK
73,User 73,user73@example.com,2023-11-06 00:00:00,Canada
74,User 74,user74@example.com,2024-07-04 00:00:00,France
75,User 75,user75@example.com,2024-08-01 00:00:00,Germany
76,User 76,user76@example.com,2021-11-10 00:00:00,Australia
77,User 77,user77@example.com,2021-11-27 00:00:00,USA
78,User 78,user78@example.com,2024-05-11 00:00:00,Australia
79,User 79,user79@example.com,2023-09-28 00:00:00,USA
80,User 80,user80@example.com,2021-08-18 00:00:00,Australia
81,User 81,user81@example.com,2022-09-22 00:00:00,Germany
82,User 82,user82@example.com,2021-04-29 00:00:00,Germany
83,User 83,user83@example.com,2024-03-07 00:00:00,Canada
84,User 84,user84@example.com,2021-06-25 00:00:00,Japan
85,User 85,user85@example.com,2021-05-22 00:00:00,UK
86,User 86,user86@example.com,2021-09-20 00:00:00,Japan
87,User 87,user87@example.com,2024-01-31 00:00:00,UK
88,User 88,user88@example.com,2022-06-27 00:00:00,India
89,User 89,user89@example.com,2022-03-10 00:00:00,Germany
90,User 90,user90@example.com,2022-10-01 00:00:00,India
91,User 91,user91@example.com,2024-10-07 00:00:00,Australia
92,User 92,user92@example.com,2023-06-17 00:00:00,Japan
93,User 93,user93@example.com,2021-09-05 00:00:00,Germany
94,User 94,user94@example.com,2022-04-06 00:00:00,Canada
95,User 95,user95@example.com,2022-11-24 00:00:00,USA
96,User 96,user96@example.com,2024-04-19 00:00:00,Germany
97,User 97,user97@example.com,2024-04-20 00:00:00,Germany
98,User 98,user98@example.com,2021-01-15 00:00:00,Canada
99,User 99,user99@example.com,2024-07-16 00:00:00,USA
100,User 100,user100@example.com,2022-04-14 00:00:00,Canada
